Name,Team,Age,Yards,Position,Attempts,YardsPerGame,Fumbles,Touchdowns
Cam Akers,2TM,25,444,RB,104,26.1,1,2
Khalil Herbert,2TM,26,130,RB,36,9.3,1,1
Velus Jones Jr.,2TM,27,11,WR,3,3.7,1,0
Tim Boyle,2TM,30,9,QB,3,3.0,0,0
Jonathan Mingo,2TM,23,5,WR,2,0.3,1,0
Marquez Valdes-Scantling,2TM,30,4,WR,1,0.3,0,0
Davante Adams,2TM,32,0,WR,0,0.0,0,0
Andrew Beck,2TM,28,0,FB,0,0.0,0,0
Amari Cooper,2TM,30,0,WR,0,0.0,0,0
DeAndre Hopkins,2TM,32,0,WR,0,0.0,1,0
Josh Reynolds,2TM,29,0,WR,0,0.0,0,0
Mike Williams,2TM,30,0,WR,0,0.0,0,0
Diontae Johnson,3TM,28,6,WR,2,0.5,0,0
James Conner,ARI,29,1094,RB,236,68.4,4,8
Kyler Murray,ARI,27,572,QB,78,33.6,8,5
Trey Benson,ARI,21,291,RB,63,22.4,1,1
Emari Demercado,ARI,25,223,RB,24,17.2,0,1
Michael Carter,ARI,25,131,RB,35,43.7,0,1
Tony Jones,ARI,27,55,RB,4,55.0,0,1
DeeJay Dallas,ARI,26,49,RB,9,2.9,1,0
Greg Dortch,ARI,26,31,WR,5,1.8,3,0
Michael Wilson,ARI,24,7,WR,1,0.4,1,0
Trey McBride,ARI,25,2,TE,1,0.1,0,1
Marvin Harrison Jr.,ARI,22,0,WR,0,0.0,1,0
Elijah Higgins,ARI,24,0,TE,0,0.0,0,0
Zay Jones,ARI,29,0,WR,0,0.0,0,0
Tip Reiman,ARI,23,0,TE,0,0.0,0,0
Xavier Weaver,ARI,24,0,WR,0,0.0,0,0
Clayton Tune,ARI,25,-4,QB,7,-0.7,1,0
Bijan Robinson,ATL,22,1456,RB,304,85.6,1,14
Tyler Allgeier,ATL,24,644,RB,137,37.9,0,3
Ray-Ray McCloud,ATL,28,79,WR,10,4.6,4,0
Jase McClellan,ATL,22,32,RB,13,16.0,0,0
Michael Penix,ATL,24,11,QB,7,2.2,2,1
Kirk Cousins,ATL,36,0,QB,23,0.0,13,0
Chris Blair,ATL,27,0,WR,0,0.0,0,0
Ross Dwelley,ATL,29,0,TE,0,0.0,0,0
KhaDarel Hodge,ATL,29,0,WR,0,0.0,0,0
Darnell Mooney,ATL,27,0,WR,0,0.0,0,0
Kyle Pitts,ATL,24,0,TE,0,0.0,0,0
Casey Washington,ATL,23,0,WR,0,0.0,0,0
Charlie Woerner,ATL,27,0,TE,0,0.0,0,0
Drake London,ATL,23,-3,WR,1,-0.2,0,0
Derrick Henry,BAL,30,1921,RB,325,113.0,3,16
Lamar Jackson,BAL,27,915,QB,139,53.8,10,4
Justice Hill,BAL,27,228,RB,47,15.2,0,1
Zay Flowers,BAL,24,56,WR,9,3.3,0,0
Rasheen Ali,BAL,23,31,RB,10,5.2,0,0
Keaton Mitchell,BAL,22,30,RB,15,6.0,0,0
Mark Andrews,BAL,29,5,TE,4,0.3,0,0
Charlie Kolar,BAL,25,2,TE,1,0.2,0,0
Josh Johnson,BAL,38,1,QB,4,0.2,0,0
Diontae Johnson,BAL,28,0,WR,0,0.0,0,0
Nelson Agholor,BAL,31,0,WR,0,0.0,0,0
Rashod Bateman,BAL,25,0,WR,0,0.0,0,0
Isaiah Likely,BAL,24,0,TE,0,0.0,1,0
Anthony Miller,BAL,30,0,WR,0,0.0,0,0
Patrick Ricard,BAL,30,0,FB,0,0.0,0,0
Devontez Walker,BAL,23,0,WR,0,0.0,0,0
Tylan Wallace,BAL,25,0,WR,0,0.0,1,0
James Cook,BUF,25,1009,RB,207,63.1,1,16
Josh Allen,BUF,28,531,QB,102,31.2,5,12
Ray Davis,BUF,25,442,RB,113,26.0,0,3
Ty Johnson,BUF,27,213,RB,41,12.5,0,1
Curtis Samuel,BUF,28,14,WR,5,1.0,0,0
Keon Coleman,BUF,21,9,WR,1,0.7,0,0
Reggie Gilliam,BUF,27,7,FB,3,0.5,0,0
Khalil Shakir,BUF,24,4,WR,2,0.3,1,0
Mitchell Trubisky,BUF,30,1,QB,17,0.1,1,0
Marquez Valdes-Scantling,BUF,30,0,WR,0,0.0,0,0
Amari Cooper,BUF,30,0,WR,0,0.0,0,0
Zach Davidson,BUF,26,0,TE,0,0.0,0,0
Mack Hollins,BUF,31,0,WR,0,0.0,0,0
Dalton Kincaid,BUF,25,0,TE,0,0.0,1,0
Dawson Knox,BUF,28,0,TE,0,0.0,0,0
Quintin Morris,BUF,25,0,TE,0,0.0,0,0
Tyrell Shavers,BUF,25,0,WR,0,0.0,0,0
Chuba Hubbard,CAR,25,1195,RB,250,79.7,4,10
Bryce Young,CAR,23,249,QB,43,17.8,5,6
Miles Sanders,CAR,27,205,RB,55,18.6,1,2
Raheem Blackshear,CAR,25,80,RB,15,5.0,2,0
Mike Boone,CAR,29,51,RB,13,8.5,0,0
Andy Dalton,CAR,37,34,QB,11,5.7,2,0
Xavier Legette,CAR,23,24,WR,6,1.5,0,0
Jonathon Brooks,CAR,21,22,RB,9,7.3,0,0
Deven Thompkins,CAR,25,7,WR,2,1.0,0,0
Diontae Johnson,CAR,28,6,WR,2,0.9,0,0
Jonathan Mingo,CAR,23,5,WR,2,0.6,1,0
Velus Jones Jr.,CAR,27,0,WR,1,0.0,0,0
David Moore,CAR,29,0,WR,1,0.0,0,0
Dan Chisena,CAR,27,0,WR,0,0.0,0,0
Jalen Coker,CAR,23,0,WR,0,0.0,0,0
Sam Franklin,CAR,28,0,S,0,0.0,0,0
Feleipe Franks,CAR,27,0,TE,0,0.0,0,0
Jordan Matthews,CAR,32,0,TE,0,0.0,0,0
Ja'Tavion Sanders,CAR,21,0,TE,0,0.0,1,0
Stephen Sullivan,CAR,28,0,TE,0,0.0,0,0
Adam Thielen,CAR,34,0,WR,0,0.0,0,0
Ian Thomas,CAR,28,0,TE,0,0.0,0,0
Tommy Tremble,CAR,24,0,TE,0,0.0,1,0
D'Andre Swift,CHI,25,959,RB,253,56.4,2,6
Caleb Williams,CHI,23,489,QB,81,28.8,10,0
Roschon Johnson,CHI,23,150,RB,55,10.7,0,6
D.J. Moore,CHI,27,75,WR,14,4.4,1,0
Travis Homer,CHI,26,23,RB,6,2.3,0,0
Khalil Herbert,CHI,26,16,RB,8,2.7,0,1
Rome Odunze,CHI,22,15,WR,3,0.9,2,0
Velus Jones Jr.,CHI,27,11,WR,2,11.0,1,0
Darrynton Evans,CHI,26,3,RB,3,0.6,0,0
Keenan Allen,CHI,32,0,WR,0,0.0,1,0
DeAndre Carter,CHI,31,0,WR,0,0.0,1,0
Gerald Everett,CHI,30,0,TE,0,0.0,0,0
Collin Johnson,CHI,27,0,WR,0,0.0,0,0
Cole Kmet,CHI,25,0,TE,0,0.0,0,0
Marcedes Lewis,CHI,40,0,TE,0,0.0,0,0
Tyler Scott,CHI,23,0,WR,0,0.0,0,0
Tyson Bagent,CHI,24,-7,QB,6,-1.8,0,0
Chase Brown,CIN,24,990,RB,229,61.9,2,7
Zack Moss,CIN,27,242,RB,74,30.3,2,2
Joe Burrow,CIN,28,201,QB,42,11.8,11,2
Khalil Herbert,CIN,26,114,RB,28,14.3,1,0
Ja'Marr Chase,CIN,24,32,WR,3,1.9,0,0
Tanner Hudson,CIN,30,1,TE,1,0.1,1,0
Erick All,CIN,24,0,TE,0,0.0,0,0
Jermaine Burton,CIN,23,0,WR,0,0.0,0,0
Mike Gesicki,CIN,29,0,TE,0,0.0,1,0
Cam Grandy,CIN,24,0,TE,0,0.0,0,0
Tee Higgins,CIN,25,0,WR,0,0.0,1,0
Sam Hubbard,CIN,29,0,DE,0,0.0,0,0
Andrei Iosivas,CIN,25,0,WR,0,0.0,0,0
Trenton Irwin,CIN,29,0,WR,0,0.0,0,0
Charlie Jones,CIN,26,0,WR,0,0.0,2,0
Kendric Pryor,CIN,26,0,WR,0,0.0,0,0
Jake Browning,CIN,28,-2,QB,2,-0.7,0,0
Drew Sample,CIN,28,-4,TE,1,-0.2,1,0
Jerome Ford,CLE,25,565,RB,104,40.4,0,3
Nick Chubb,CLE,29,332,RB,102,41.5,1,3
D'Onta Foreman,CLE,28,232,RB,71,21.1,2,0
Deshaun Watson,CLE,29,148,QB,31,21.1,5,1
Dorian Thompson-Robinson,CLE,25,122,QB,21,17.4,3,0
Pierre Strong,CLE,26,108,RB,26,7.7,0,0
Jameis Winston,CLE,30,83,QB,25,6.9,5,1
Jacob Kibodi,CLE,26,24,RB,5,24.0,0,0
Bailey Zappe,CLE,25,2,QB,2,2.0,0,0
Elijah Moore,CLE,24,1,WR,1,0.1,0,0
Jordan Akins,CLE,32,0,TE,0,0.0,1,0
Brenden Bates,CLE,25,0,TE,0,0.0,0,0
David Bell,CLE,24,0,WR,0,0.0,0,0
Amari Cooper,CLE,30,0,WR,0,0.0,0,0
Jaelon Darden,CLE,25,0,WR,0,0.0,0,0
Jerry Jeudy,CLE,25,0,WR,0,0.0,0,0
David Njoku,CLE,28,0,TE,0,0.0,0,0
James Proche,CLE,28,0,WR,0,0.0,1,0
Geoff Swaim,CLE,31,0,TE,0,0.0,0,0
Jamari Thrash,CLE,24,0,WR,0,0.0,0,0
Blake Whiteheart,CLE,24,0,TE,0,0.0,0,0
Michael Woods II,CLE,24,0,WR,0,0.0,0,0
Kadarius Toney,CLE,25,-4,WR,2,-1.3,1,0
Cedric Tillman,CLE,24,-5,WR,1,-0.5,1,0
Rico Dowdle,DAL,26,1079,RB,235,67.4,3,2
Ezekiel Elliott,DAL,29,226,RB,74,15.1,1,3
KaVontae Turpin,DAL,28,92,WR,16,5.4,3,0
Deuce Vaughn,DAL,23,70,RB,17,10.0,0,0
CeeDee Lamb,DAL,25,70,WR,14,4.7,1,0
Dak Prescott,DAL,31,54,QB,13,6.8,4,1
Trey Lance,DAL,24,41,QB,11,10.3,0,0
Hunter Luepke,DAL,24,38,RB,12,2.4,0,0
Dalvin Cook,DAL,29,20,RB,8,10.0,0,0
Cooper Rush,DAL,31,18,QB,26,1.5,9,0
Jonathan Mingo,DAL,23,0,WR,0,0.0,0,0
Jalen Brooks,DAL,24,0,WR,0,0.0,0,0
Jake Ferguson,DAL,25,0,TE,0,0.0,4,0
Ryan Flournoy,DAL,25,0,WR,0,0.0,1,0
C.J. Goodwin,DAL,34,0,CB,0,0.0,0,0
Luke Schoonmaker,DAL,26,0,TE,0,0.0,0,0
Tyler Smith,DAL,23,0,OL,0,0.0,0,0
Brevyn Spann-Ford,DAL,25,0,TE,0,0.0,0,0
Juanyeh Thomas,DAL,24,0,S,0,0.0,0,0
Jalen Tolbert,DAL,25,0,WR,0,0.0,0,0
Brandin Cooks,DAL,31,-3,WR,3,-0.3,0,0
Javonte Williams,DEN,24,513,RB,139,30.2,2,4
Jaleel McLaughlin,DEN,24,496,RB,113,31.0,1,1
Bo Nix,DEN,24,430,QB,92,25.3,3,4
Audric Estime,DEN,21,310,RB,76,23.8,2,2
Tyler Badie,DEN,24,86,RB,11,28.7,1,0
Marvin Mims,DEN,22,42,WR,13,2.5,1,0
Blake Watson,DEN,25,10,RB,4,5.0,0,0
Michael Burton,DEN,32,8,FB,7,0.5,0,1
Troy Franklin,DEN,21,8,WR,2,0.5,0,0
Jarrett Stidham,DEN,28,5,QB,4,1.7,0,0
Nate Adkins,DEN,25,0,TE,0,0.0,0,0
Greg Dulcich,DEN,24,0,TE,0,0.0,0,0
Lil'Jordan Humphrey,DEN,26,0,WR,0,0.0,2,0
Lucas Krull,DEN,26,0,TE,0,0.0,0,0
Josh Reynolds,DEN,29,0,WR,0,0.0,0,0
Courtland Sutton,DEN,29,0,WR,0,0.0,1,0
Adam Trautman,DEN,27,0,TE,0,0.0,0,0
Devaughn Vele,DEN,27,0,WR,0,0.0,0,0
Jahmyr Gibbs,DET,22,1412,RB,250,83.1,1,16
David Montgomery,DET,27,775,RB,185,55.4,2,12
Craig Reynolds,DET,28,139,RB,31,8.2,1,0
Jameson Williams,DET,23,61,WR,11,4.1,0,1
Jared Goff,DET,30,56,QB,35,3.3,6,0
Jermar Jefferson,DET,24,22,RB,6,11.0,0,0
Sione Vaki,DET,23,14,RB,6,0.9,0,0
Amon-Ra St. Brown,DET,25,6,WR,2,0.4,1,0
Hendon Hooker,DET,26,2,QB,5,0.7,0,0
Jalen Reeves-Maybin,DET,29,1,LB,1,0.1,0,0
Kalif Raymond,DET,30,0,WR,2,0.0,0,0
Taylor Decker,DET,30,0,T,0,0.0,0,0
Tom Kennedy,DET,28,0,WR,0,0.0,0,0
Sam LaPorta,DET,23,0,TE,0,0.0,0,0
Tim Patrick,DET,31,0,WR,0,0.0,0,0
Allen Robinson,DET,31,0,WR,0,0.0,0,0
Dan Skipper,DET,30,0,T,0,0.0,0,0
Isaiah Williams,DET,23,0,WR,0,0.0,0,0
Brock Wright,DET,26,0,TE,0,0.0,0,0
Shane Zylstra,DET,28,0,TE,0,0.0,0,0
Josh Jacobs,GNB,26,1329,RB,301,78.2,4,15
Emanuel Wilson,GNB,25,502,RB,103,29.5,0,4
Chris Brooks,GNB,24,183,RB,36,12.2,0,1
Jayden Reed,GNB,24,163,WR,20,9.6,3,1
Malik Willis,GNB,25,138,QB,20,19.7,1,1
Jordan Love,GNB,26,83,QB,25,5.5,4,1
Bo Melton,GNB,25,54,WR,8,3.2,0,0
Christian Watson,GNB,25,23,WR,4,1.5,1,0
MarShawn Lloyd,GNB,23,15,RB,6,15.0,0,0
Tucker Kraft,GNB,24,6,TE,3,0.4,1,0
Andrew Beck,GNB,28,0,FB,0,0.0,0,0
Romeo Doubs,GNB,24,0,WR,0,0.0,0,0
John FitzPatrick,GNB,24,0,TE,0,0.0,0,0
Malik Heath,GNB,24,0,WR,0,0.0,0,0
Luke Musgrave,GNB,24,0,TE,0,0.0,0,0
Ben Sims,GNB,24,0,TE,0,0.0,0,0
Dontayvion Wicks,GNB,23,0,WR,0,0.0,0,0
Joe Mixon,HOU,28,1016,RB,245,72.6,0,11
Dameon Pierce,HOU,24,293,RB,40,26.6,1,2
C.J. Stroud,HOU,23,233,QB,52,13.7,6,0
Cam Akers,HOU,25,147,RB,40,29.4,1,1
Dare Ogunbowale,HOU,30,112,RB,30,6.6,0,0
J.J. Taylor,HOU,26,44,RB,10,8.8,0,0
Tank Dell,HOU,25,43,WR,9,3.1,0,0
Davis Mills,HOU,26,11,QB,3,2.8,0,0
Stefon Diggs,HOU,31,8,WR,3,1.0,0,1
British Brooks,HOU,25,2,RB,1,0.4,0,0
Diontae Johnson,HOU,28,0,WR,0,0.0,0,0
Steven Sims,HOU,27,0,WR,1,0.0,2,0
Andrew Beck,HOU,28,0,FB,0,0.0,0,0
Nico Collins,HOU,25,0,WR,0,0.0,0,0
Xavier Hutchinson,HOU,24,0,WR,0,0.0,0,0
Brevin Jordan,HOU,24,0,TE,0,0.0,0,0
John Metchie,HOU,24,0,WR,0,0.0,1,0
Dalton Schultz,HOU,28,0,TE,0,0.0,0,0
Cade Stover,HOU,24,0,TE,0,0.0,0,0
Robert Woods,HOU,32,0,WR,0,0.0,3,0
Jonathan Taylor,IND,25,1431,RB,303,102.2,4,11
Anthony Richardson,IND,22,499,QB,86,45.4,9,6
Trey Sermon,IND,25,159,RB,56,9.4,0,2
Tyler Goodson,IND,24,153,RB,32,9.6,0,1
Ashton Dulin,IND,27,45,WR,5,3.0,0,0
Joe Flacco,IND,39,26,QB,9,3.3,4,0
Josh Downs,IND,23,12,WR,1,0.9,0,0
Adonai Mitchell,IND,22,6,WR,4,0.4,2,0
Mo Alie-Cox,IND,31,0,TE,0,0.0,0,0
Anthony Gould,IND,23,0,WR,0,0.0,0,0
Kylen Granson,IND,26,0,TE,0,0.0,0,0
Will Mallory,IND,25,0,TE,0,0.0,0,0
Andrew Ogletree,IND,26,0,TE,0,0.0,0,0
Alec Pierce,IND,24,0,WR,0,0.0,0,0
Michael Pittman Jr.,IND,27,0,WR,0,0.0,1,0
Tank Bigsby,JAX,23,766,RB,168,47.9,4,7
Travis Etienne,JAX,25,558,RB,150,37.2,1,2
D'Ernest Johnson,JAX,28,143,RB,32,10.2,0,0
Trevor Lawrence,JAX,25,119,QB,26,11.9,3,3
Mac Jones,JAX,26,92,QB,28,9.2,2,1
Brian Thomas,JAX,22,48,WR,6,2.8,0,0
Devin Duvernay,JAX,27,3,WR,4,0.2,1,0
Gabriel Davis,JAX,25,0,WR,0,0.0,1,0
Josiah Deguara,JAX,27,0,TE,0,0.0,0,0
Evan Engram,JAX,30,0,TE,0,0.0,1,0
Luke Farrell,JAX,27,0,TE,0,0.0,0,0
Tim Jones,JAX,26,0,WR,0,0.0,0,0
Christian Kirk,JAX,28,0,WR,0,0.0,0,0
Josh Reynolds,JAX,29,0,WR,0,0.0,0,0
Brenton Strange,JAX,24,0,TE,0,0.0,1,0
Austin Trammell,JAX,26,0,WR,0,0.0,1,0
Parker Washington,JAX,22,0,WR,0,0.0,2,0
Kareem Hunt,KAN,29,728,RB,200,56.0,0,7
Isiah Pacheco,KAN,25,310,RB,83,44.3,0,1
Patrick Mahomes,KAN,29,307,QB,58,19.2,2,2
Carson Steele,KAN,22,183,RB,56,10.8,3,0
Xavier Worthy,KAN,21,104,WR,20,6.1,0,3
Samaje Perine,KAN,29,92,RB,20,5.4,0,1
Mecole Hardman,KAN,26,62,WR,5,5.2,0,1
Chris Oladokun,KAN,27,5,QB,1,5.0,1,0
Jaden Hicks,KAN,22,1,DB,1,0.1,0,0
Travis Kelce,KAN,35,1,TE,1,0.1,2,0
Rashee Rice,KAN,24,1,WR,1,0.3,0,0
Carson Wentz,KAN,32,0,QB,3,0.0,0,0
Marquise Brown,KAN,27,0,WR,0,0.0,0,0
Mike Caliendo,KAN,27,0,OL,0,0.0,0,0
Baylor Cupp,KAN,24,0,TE,0,0.0,0,0
Jody Fortson,KAN,29,0,TE,0,0.0,0,0
Peyton Hendershot,KAN,25,0,TE,0,0.0,0,0
DeAndre Hopkins,KAN,32,0,WR,0,0.0,0,0
Skyy Moore,KAN,24,0,WR,0,0.0,0,0
Wanya Morris,KAN,24,0,OL,0,0.0,0,0
Nikko Remigio,KAN,25,0,WR,0,0.0,1,0
Justyn Ross,KAN,25,0,WR,0,0.0,0,0
JuJu Smith-Schuster,KAN,28,0,WR,0,0.0,0,0
Justin Watson,KAN,29,0,WR,0,0.0,0,0
Jared Wiley,KAN,24,0,TE,0,0.0,0,0
Noah Gray,KAN,25,-4,TE,1,-0.2,0,0
J.K. Dobbins,LAC,26,905,RB,195,69.6,0,9
Gus Edwards,LAC,29,365,RB,101,33.2,0,4
Justin Herbert,LAC,26,306,QB,69,18.0,6,2
Kimani Vidal,LAC,23,155,RB,43,15.5,1,0
Hassan Haskins,LAC,25,89,RB,34,5.2,1,2
Derius Davis,LAC,24,39,WR,12,2.6,3,0
Taylor Heinicke,LAC,31,20,QB,2,5.0,0,0
Quentin Johnston,LAC,23,6,WR,3,0.4,0,0
JK Scott,LAC,29,0,P,1,0.0,1,0
DJ Chark,LAC,28,0,WR,0,0.0,0,0
Will Dissly,LAC,28,0,TE,0,0.0,0,0
Simi Fehoko,LAC,27,0,WR,0,0.0,0,0
Tucker Fisk,LAC,25,0,TE,0,0.0,0,0
Hayden Hurst,LAC,31,0,TE,0,0.0,0,0
Scott Matlock,LAC,24,0,DL,0,0.0,0,0
Ladd McConkey,LAC,23,0,WR,0,0.0,2,0
Josh Palmer,LAC,25,0,WR,0,0.0,0,0
Stone Smartt,LAC,26,0,TE,0,0.0,1,0
Eric Tomlinson,LAC,32,0,TE,0,0.0,0,0
Jalen Reagor,LAC,25,-3,WR,3,-0.4,1,0
Kyren Williams,LAR,24,1299,RB,316,81.2,5,14
Blake Corum,LAR,24,207,RB,58,12.2,0,0
Ronnie Rivers,LAR,25,99,RB,22,5.8,0,0
Puka Nacua,LAR,23,46,WR,11,4.2,0,1
Matthew Stafford,LAR,36,41,QB,30,2.6,6,0
Xavier Smith,LAR,27,36,WR,4,2.4,0,0
Jordan Whittington,LAR,24,12,WR,2,0.8,0,0
Cooper Kupp,LAR,31,10,WR,2,0.8,1,0
Tutu Atwell,LAR,25,7,WR,2,0.4,0,0
Jimmy Garoppolo,LAR,33,5,QB,2,5.0,0,0
Cody Schrader,LAR,25,3,RB,1,3.0,0,0
Davis Allen,LAR,23,0,TE,0,0.0,0,0
Tyler Higbee,LAR,31,0,TE,0,0.0,0,0
Tyler Johnson,LAR,26,0,WR,0,0.0,0,0
Hunter Long,LAR,26,0,TE,0,0.0,0,0
Colby Parkinson,LAR,25,0,TE,0,0.0,0,0
Demarcus Robinson,LAR,30,0,WR,0,0.0,0,0
Alexander Mattison,LVR,26,420,RB,132,30.0,1,4
Ameer Abdullah,LVR,31,311,RB,66,19.4,2,2
Zamir White,LVR,25,183,RB,65,22.9,2,1
Sincere McCormick,LVR,24,183,RB,39,36.6,0,0
Gardner Minshew II,LVR,28,58,QB,19,5.8,6,0
Tre Tucker,LVR,23,44,WR,9,2.6,0,1
Desmond Ridder,LVR,25,36,QB,9,6.0,3,0
DJ Turner,LVR,27,33,WR,5,2.8,1,1
Aidan O'Connell,LVR,26,30,QB,21,3.3,2,1
Jakobi Meyers,LVR,28,23,WR,2,1.5,0,0
Brock Bowers,LVR,22,13,TE,5,0.8,0,0
Chris Collier,LVR,24,12,RB,5,4.0,0,0
Tyreik McAllister,LVR,26,11,WR,2,3.7,0,0
Dylan Laube,LVR,25,0,RB,1,0.0,1,0
Davante Adams,LVR,32,0,WR,0,0.0,0,0
Alex Bachman,LVR,28,0,WR,0,0.0,0,0
Harrison Bryant,LVR,26,0,TE,0,0.0,0,0
Divine Deablo,LVR,26,0,LB,0,0.0,0,0
Ramel Keyton,LVR,24,0,WR,0,0.0,0,0
Terrace Marshall Jr.,LVR,24,0,WR,0,0.0,0,0
Michael Mayer,LVR,23,0,TE,0,0.0,0,0
John Samuel Shenker,LVR,26,0,TE,0,0.0,0,0
Kristian Wilkerson,LVR,27,0,WR,0,0.0,0,0
De'Von Achane,MIA,23,907,RB,203,53.4,1,6
Raheem Mostert,MIA,32,278,RB,85,21.4,2,2
Jaylen Wright,MIA,21,249,RB,68,16.6,1,0
Tyler Huntley,MIA,26,135,QB,26,27.0,6,2
Jeff Wilson,MIA,29,57,RB,16,6.3,0,0
Tyreek Hill,MIA,30,53,WR,8,3.1,0,0
Tua Tagovailoa,MIA,26,49,QB,17,4.5,7,0
Malik Washington,MIA,23,25,WR,5,1.8,1,1
Alec Ingold,MIA,28,17,FB,10,1.1,2,1
Jaylen Waddle,MIA,26,12,WR,4,0.8,0,0
Tim Boyle,MIA,30,10,QB,2,5.0,0,0
Skylar Thompson,MIA,27,4,QB,1,1.3,2,0
Jake Bailey,MIA,27,0,P,1,0.0,1,0
Odell Beckham Jr.,MIA,32,0,WR,0,0.0,0,0
Braxton Berrios,MIA,29,0,WR,0,0.0,0,0
Robbie Chosen,MIA,31,0,WR,0,0.0,0,0
Tanner Conner,MIA,26,0,TE,0,0.0,0,0
River Cracraft,MIA,30,0,WR,0,0.0,0,0
Grant Dubose,MIA,23,0,WR,0,0.0,0,0
D'Wayne Eskridge,MIA,27,0,WR,0,0.0,0,0
Erik Ezukanma,MIA,24,0,WR,0,0.0,0,0
Julian Hill,MIA,24,0,TE,0,0.0,1,0
Durham Smythe,MIA,29,0,TE,0,0.0,0,0
Jonnu Smith,MIA,29,-1,TE,2,-0.1,2,0
Aaron Jones,MIN,30,1138,RB,255,66.9,5,5
Cam Akers,MIN,25,297,RB,64,24.8,0,1
Sam Darnold,MIN,27,212,QB,67,12.5,8,1
Ty Chandler,MIN,26,182,RB,56,10.7,0,0
Jordan Addison,MIN,22,20,WR,3,1.3,0,1
C.J. Ham,MIN,31,10,FB,2,0.6,1,1
Justin Jefferson,MIN,25,3,WR,1,0.2,1,0
T.J. Hockenson,MIN,27,0,TE,0,0.0,0,0
Johnny Mundt,MIN,30,0,TE,0,0.0,0,0
Josh Oliver,MIN,27,0,TE,0,0.0,0,0
Brandon Powell,MIN,29,0,WR,0,0.0,1,0
Trent Sherfield,MIN,28,0,WR,0,0.0,0,0
Myles Gaskin,MIN,27,-1,RB,3,-0.2,0,0
Nick Mullens,MIN,29,-2,QB,3,-0.5,0,0
Jalen Nailor,MIN,25,-4,WR,3,-0.2,1,0
Alvin Kamara,NOR,29,950,RB,228,67.9,1,6
Taysom Hill,NOR,34,278,TE,39,34.8,1,6
Jamaal Williams,NOR,29,164,RB,48,11.7,0,1
Kendre Miller,NOR,22,148,RB,39,24.7,0,1
Spencer Rattler,NOR,24,146,QB,18,20.9,5,0
Derek Carr,NOR,33,71,QB,17,7.1,3,1
Jordan Mims,NOR,25,70,RB,20,6.4,0,0
Clyde Edwards-Helaire,NOR,25,46,RB,13,23.0,0,0
Rashid Shaheed,NOR,26,29,WR,6,4.8,1,0
Jake Haener,NOR,25,22,QB,11,2.8,0,0
Matthew Hayball,NOR,27,11,P,1,0.6,0,0
Kevin Austin,NOR,24,9,WR,1,1.1,1,0
Chris Olave,NOR,24,7,WR,1,0.9,1,0
Marquez Valdes-Scantling,NOR,30,4,WR,1,0.5,0,0
Dallin Holker,NOR,24,0,TE,0,0.0,0,0
Juwan Johnson,NOR,28,0,TE,0,0.0,2,0
Bub Means,NOR,23,0,WR,0,0.0,0,0
Foster Moreau,NOR,27,0,TE,0,0.0,0,0
Dante Pettis,NOR,29,0,WR,0,0.0,0,0
Adam Prentice,NOR,27,0,FB,0,0.0,0,0
Mason Tipton,NOR,24,0,WR,0,0.0,0,0
Cedrick Wilson Jr.,NOR,29,0,WR,0,0.0,1,0
Jermaine Jackson,NOR,24,-1,WR,1,-0.3,0,0
Rhamondre Stevenson,NWE,26,801,RB,207,53.4,7,7
Antonio Gibson,NWE,26,538,RB,120,31.6,2,1
Drake Maye,NWE,22,421,QB,54,32.4,9,2
Jamycal Hasty,NWE,28,69,RB,20,4.6,0,0
Jacoby Brissett,NWE,32,62,QB,15,7.8,4,0
Terrell Jennings,NWE,23,33,RB,13,11.0,0,0
Joe Milton,NWE,24,16,QB,10,16.0,1,1
Demario Douglas,NWE,24,16,WR,3,0.9,1,0
Kendrick Bourne,NWE,29,6,WR,1,0.5,0,0
Marcus Jones,NWE,26,5,CB,1,0.4,2,0
Dell Pettus,NWE,23,2,S,1,0.1,0,0
Ja'Lynn Polk,NWE,22,0,WR,1,0.0,0,0
Javon Baker,NWE,22,0,WR,0,0.0,0,0
Jaheim Bell,NWE,23,0,TE,0,0.0,0,0
Kayshon Boutte,NWE,22,0,WR,0,0.0,0,0
Hunter Henry,NWE,30,0,TE,0,0.0,0,0
Austin Hooper,NWE,30,0,TE,0,0.0,2,0
Vederian Lowe,NWE,25,0,T,0,0.0,0,0
K.J. Osborn,NWE,27,0,WR,0,0.0,0,0
Tyquan Thornton,NWE,24,0,WR,0,0.0,0,0
Tyrone Tracy Jr.,NYG,25,839,RB,192,49.4,5,5
Devin Singletary,NYG,27,437,RB,113,29.1,2,4
Daniel Jones,NYG,27,265,QB,67,26.5,4,2
Drew Lock,NYG,28,133,QB,18,16.6,5,2
Tommy DeVito,NYG,26,32,QB,8,10.7,0,0
Eric Gray,NYG,25,31,RB,14,1.8,3,0
Wan'Dale Robinson,NYG,23,18,WR,3,1.1,0,0
Darius Slayton,NYG,27,17,WR,2,1.1,1,0
Dane Belton,NYG,24,10,S,1,0.6,0,0
Malik Nabers,NYG,21,2,WR,5,0.1,1,0
Daniel Bellinger,NYG,24,0,TE,0,0.0,0,0
Isaiah Hodgins,NYG,26,0,WR,0,0.0,0,0
Jalin Hyatt,NYG,23,0,WR,0,0.0,0,0
Theo Johnson,NYG,23,0,TE,0,0.0,0,0
Chris Manhertz,NYG,32,0,TE,0,0.0,0,0
Tim Boyle,NYG,30,-1,QB,1,-1.0,0,0
Breece Hall,NYJ,23,876,RB,209,54.8,6,5
Braelon Allen,NYJ,20,334,RB,92,19.6,0,2
Isaiah Davis,NYJ,22,174,RB,30,10.2,0,1
Aaron Rodgers,NYJ,41,107,QB,22,6.3,5,0
Malachi Corley,NYJ,22,26,WR,2,2.9,1,0
Ashtyn Davis,NYJ,28,21,S,1,1.4,0,0
Tyrod Taylor,NYJ,35,13,QB,3,6.5,1,0
Garrett Wilson,NYJ,24,5,WR,2,0.3,2,0
Xavier Gipson,NYJ,23,5,WR,1,0.3,4,0
Tyler Conklin,NYJ,29,0,TE,1,0.0,0,0
Davante Adams,NYJ,32,0,WR,0,0.0,0,0
Irvin Charles,NYJ,27,0,WR,0,0.0,0,0
Allen Lazard,NYJ,29,0,WR,0,0.0,0,0
Jeremy Ruckert,NYJ,24,0,TE,0,0.0,0,0
Mike Williams,NYJ,30,0,WR,0,0.0,0,0
Kenny Yeboah,NYJ,26,0,TE,0,0.0,0,0
Saquon Barkley,PHI,27,2005,RB,345,125.3,2,13
Jalen Hurts,PHI,26,630,QB,150,42.0,9,14
Kenneth Gainwell,PHI,25,290,RB,75,17.1,0,1
Will Shipley,PHI,22,82,RB,30,5.1,0,0
Kenny Pickett,PHI,26,15,QB,9,3.0,1,1
Jahan Dotson,PHI,24,13,WR,1,0.8,0,0
Tyrion Davis-Price,PHI,24,7,RB,3,7.0,0,0
Ainias Smith,PHI,23,6,WR,2,0.9,0,0
DeVonta Smith,PHI,26,1,WR,1,0.1,0,0
A.J. Brown,PHI,27,0,WR,0,0.0,0,0
Grant Calcaterra,PHI,26,0,TE,0,0.0,0,0
Parris Campbell,PHI,27,0,WR,0,0.0,0,0
Britain Covey,PHI,27,0,WR,0,0.0,0,0
Dallas Goedert,PHI,29,0,TE,0,0.0,2,0
E.J. Jenkins,PHI,26,0,TE,0,0.0,0,0
John Ross,PHI,29,0,WR,0,0.0,0,0
Jack Stoll,PHI,26,0,TE,0,0.0,0,0
Ben VanSumeren,PHI,24,0,LB,0,0.0,0,0
Johnny Wilson,PHI,23,0,WR,0,0.0,0,0
Tanner McKee,PHI,24,-1,QB,5,-0.5,0,0
Najee Harris,PIT,26,1043,RB,263,61.4,0,6
Jaylen Warren,PIT,26,511,RB,120,34.1,2,1
Justin Fields,PIT,25,289,QB,62,28.9,6,5
Russell Wilson,PIT,36,155,QB,43,14.1,5,2
Cordarrelle Patterson,PIT,33,135,RB,32,10.4,1,0
Jonathan Ward,PIT,27,22,RB,5,5.5,0,0
Aaron Shampklin,PIT,25,17,RB,6,5.7,0,0
Calvin Austin III,PIT,25,0,WR,0,0.0,1,0
Zach Frazier,PIT,23,0,C,0,0.0,1,0
Pat Freiermuth,PIT,26,0,TE,0,0.0,3,0
Connor Heyward,PIT,25,0,TE,0,0.0,0,0
Van Jefferson,PIT,28,0,WR,0,0.0,0,0
Brandon Johnson,PIT,26,0,WR,0,0.0,0,0
Scott Miller,PIT,27,0,WR,0,0.0,0,0
James Pierre,PIT,28,0,CB,0,0.0,0,0
MyCole Pruitt,PIT,32,0,TE,0,0.0,0,0
Ben Skowronek,PIT,27,0,WR,0,0.0,0,0
Darnell Washington,PIT,23,0,TE,0,0.0,0,0
Mike Williams,PIT,30,0,WR,0,0.0,0,0
George Pickens,PIT,23,-6,WR,2,-0.4,1,0
Kenneth Walker III,SEA,24,573,RB,153,52.1,1,7
Zach Charbonnet,SEA,23,569,RB,135,33.5,0,8
Geno Smith,SEA,34,272,QB,53,16.0,9,2
Kenny McIntosh,SEA,24,172,RB,31,10.1,0,0
Jaxon Smith-Njigba,SEA,22,26,WR,5,1.5,1,0
George Holani,SEA,25,10,RB,3,2.0,0,0
Sam Howell,SEA,24,2,QB,1,1.0,0,0
Julian Love,SEA,26,2,FS,1,0.1,0,0
Laviska Shenault Jr.,SEA,26,1,WR,1,0.1,2,0
AJ Barner,SEA,22,0,TE,0,0.0,0,0
Jake Bobo,SEA,26,0,WR,0,0.0,0,0
Pharaoh Brown,SEA,30,0,TE,0,0.0,1,0
Noah Fant,SEA,27,0,TE,0,0.0,0,0
Tyler Lockett,SEA,32,0,WR,0,0.0,0,0
D.K. Metcalf,SEA,27,0,WR,0,0.0,2,0
Cody White,SEA,26,0,WR,0,0.0,0,0
Dareke Young,SEA,25,0,WR,0,0.0,0,0
Jordan Mason,SFO,25,789,RB,153,65.8,3,3
Isaac Guerendo,SFO,24,420,RB,84,26.3,3,4
Brock Purdy,SFO,25,323,QB,66,21.5,7,5
Christian McCaffrey,SFO,28,202,RB,50,50.5,1,0
Patrick Taylor,SFO,26,183,RB,39,14.1,0,1
Deebo Samuel,SFO,28,136,WR,42,9.1,2,1
Ricky Pearsall,SFO,24,45,WR,3,4.1,0,0
Kyle Juszczyk,SFO,33,26,FB,5,1.5,1,1
Joshua Dobbs,SFO,29,24,QB,9,12.0,2,2
Jacob Cowing,SFO,23,7,WR,1,0.5,2,0
Brandon Allen,SFO,32,4,QB,3,1.3,2,0
Ke'Shawn Vaughn,SFO,27,4,RB,2,1.3,0,0
Brandon Aiyuk,SFO,26,0,WR,0,0.0,0,0
Ronnie Bell,SFO,24,0,WR,0,0.0,0,0
Jake Brendel,SFO,32,0,OL,0,0.0,1,0
Chris Conley,SFO,32,0,WR,0,0.0,0,0
Jauan Jennings,SFO,27,0,WR,0,0.0,1,0
George Kittle,SFO,31,0,TE,0,0.0,0,0
Dominick Puni,SFO,24,0,OL,0,0.0,0,0
Eric Saubert,SFO,30,0,TE,0,0.0,1,0
Trent Taylor,SFO,30,0,WR,0,0.0,0,0
Brayden Willis,SFO,25,0,TE,0,0.0,0,0
Bucky Irving,TAM,22,1122,RB,207,66.0,2,8
Rachaad White,TAM,25,613,RB,144,38.3,3,3
Baker Mayfield,TAM,29,378,QB,60,22.2,13,3
Sean Tucker,TAM,23,308,RB,50,18.1,1,2
Sterling Shepard,TAM,31,69,WR,8,4.9,0,0
Jalen McMillan,TAM,23,43,WR,4,3.3,0,0
Kameron Johnson,TAM,22,11,WR,2,2.2,0,0
Chris Godwin,TAM,28,2,WR,1,0.3,1,0
Devin Culp,TAM,24,0,TE,0,0.0,0,0
Payne Durham,TAM,24,0,TE,0,0.0,1,0
Mike Evans,TAM,31,0,WR,0,0.0,0,0
Rakim Jarrett,TAM,23,0,WR,0,0.0,0,0
Ryan Miller,TAM,24,0,WR,0,0.0,0,0
Trey Palmer,TAM,23,0,WR,0,0.0,1,0
Tristan Wirfs,TAM,25,0,T,0,0.0,1,0
Tavierre Thomas,TAM,28,-2,CB,1,-0.1,0,0
Kyle Trask,TAM,26,-4,QB,5,-1.0,0,0
Cade Otton,TAM,25,-4,TE,1,-0.3,2,0
Tony Pollard,TEN,27,1079,RB,260,67.4,2,5
Tyjae Spears,TEN,23,312,RB,84,26.0,1,4
Will Levis,TEN,25,183,QB,45,15.3,10,0
Mason Rudolph,TEN,29,106,QB,25,13.3,5,1
Julius Chestnut,TEN,24,102,RB,22,6.0,0,0
Calvin Ridley,TEN,30,55,WR,8,3.2,1,1
Chigoziem Okonkwo,TEN,25,17,TE,1,1.0,2,0
Tyler Boyd,TEN,30,3,WR,1,0.2,0,0
Joshua Kelley,TEN,27,2,RB,1,0.7,0,0
Treylon Burks,TEN,24,1,WR,2,0.2,0,0
DeAndre Hopkins,TEN,32,0,WR,0,0.0,1,0
Mason Kinsey,TEN,26,0,WR,0,0.0,0,0
JC Latham,TEN,21,0,OT,0,0.0,0,0
Tay Martin,TEN,27,0,WR,0,0.0,0,0
David Martin-Robinson,TEN,25,0,TE,0,0.0,0,0
Bryce Oliver,TEN,24,0,WR,0,0.0,0,0
Nick Vannett,TEN,31,0,TE,0,0.0,0,0
Nick Westbrook-Ikhine,TEN,27,0,WR,0,0.0,0,0
Josh Whyle,TEN,25,0,TE,0,0.0,0,0
Jha'Quan Jackson,TEN,24,-5,WR,1,-0.4,5,0
Jayden Daniels,WAS,24,891,QB,148,52.4,5,6
Brian Robinson Jr.,WAS,25,799,RB,187,57.1,2,8
Austin Ekeler,WAS,29,367,RB,77,30.6,3,4
Jeremy McNichols,WAS,29,261,RB,55,15.4,0,4
Chris Rodriguez,WAS,24,173,RB,35,19.2,0,2
Marcus Mariota,WAS,31,92,QB,18,30.7,0,1
Dyami Brown,WAS,25,26,WR,3,1.6,1,0
Olamide Zaccheaus,WAS,27,8,WR,1,0.5,3,0
Terry McLaurin,WAS,29,2,WR,2,0.1,1,0
John Bates,WAS,27,0,TE,0,0.0,1,0
Noah Brown,WAS,28,0,WR,0,0.0,0,0
Jamison Crowder,WAS,31,0,WR,0,0.0,2,0
Zach Ertz,WAS,34,0,TE,0,0.0,1,0
Luke McCaffrey,WAS,23,0,WR,0,0.0,0,0
Trenton Scott,WAS,30,0,T,0,0.0,0,0
Ben Sinnott,WAS,22,0,TE,0,0.0,0,0
Brycen Tremayne,WAS,25,0,WR,0,0.0,0,0
